F336 - 0.199,F439W - 0.162,F555W - 0.123,F814W - 0.069
16.939,18.564,24.028,23.203
17.514,23.792,22.913,20.601
17.538,20.785,21.459,23.579
18.077,24.043,21.644,19.205
18.107,22.365,23.21,24.568
18.352,22.964,23.669,21.867
18.455,20.354,18.713,19.979
18.518,19.776,22.751,20.969
18.572,19.137,23.857,21.366
18.597,22.693,23.869,24.19
18.612,22.273,24.707,22.341
18.62,20.052,24.038,24.515
18.62,20.972,20.426,22.56
18.633,23.296,19.194,22.153
18.661,22.821,20.778,22.376
18.67,21.64,22.537,21.928
18.835,23.133,21.205,22.472
18.904,20.821,23.774,21.538
18.939,22.657,22.298,20.8
19.042,20.677,22.504,20.689
19.06,20.895,22.562,21.333
19.071,21.777,23.92,22.084
19.094,20.055,23.734,23.742
19.094,22.685,23.001,22.572
19.198,17.841,22.997,21.329
19.248,20.786,24.277,23.771
19.25,21.559,21.982,22.324
19.281,19.623,23.509,23.075
19.294,21.048,22.132,23.494
19.31,23.557,23.299,21.068
19.358,19.384,21.243,20.52
19.404,24.488,22.364,23.032
19.431,21.19,24.146,22.885
19.44,21.584,22.874,20.373
19.448,22.176,23.873,23.417
19.461,22.374,22.195,20.943
19.546,22.571,21.582,21.51
19.556,22.415,23.206,20.475
19.583,20.375,23.047,24.267
19.621,20.869,21.402,22.322
19.628,21.775,24.044,20.239
19.628,22.138,23.282,22.427
19.646,24.281,23.199,23.118
19.666,19.829,19.794,22.494
19.666,22.38,21.676,22.095
19.671,19.416,23.857,22.086
19.701,21.635,23.662,21.2
19.724,21.119,22.926,21.848
19.731,22.791,22.28,22.166
19.749,20.718,22.705,19.176
19.762,23.477,22.629,20.83
19.785,22.214,24.311,21.07
19.8,19.724,24.39,21.793
19.803,23.914,23.028,21.5
19.837,20.761,22.714,21.651
19.839,22.178,24.056,23.048
19.861,21.582,21.629,20.318
19.889,23.715,24.873,22.519
19.895,16.764,22.76,21.595
19.9,22.534,22.274,21.287
19.906,22.641,17.175,19.058
19.907,19.531,23.257,19.924
19.911,22.159,22.228,19.645
19.914,24.255,23.303,22.806
19.927,21.751,21.529,22.934
19.934,21.171,23.573,21.763
19.954,18.552,23.523,24.108
19.993,22.092,22.952,22.03
19.994,23.366,23.043,22.134
20.008,20.899,22.513,22.387
20.012,22.361,22.6,22.743
20.032,19.73,24.153,20.766
20.032,21.88,21.593,20.873
20.041,23.074,23.432,21.489
20.057,21.239,23.77,20.172
20.057,23.045,23.692,21.869
20.087,23.671,21.565,20.517
20.091,21.981,21.318,20.579
20.094,22.332,22.606,21.377
20.096,21.488,20.97,22.229
20.104,20.701,22.201,22.092
20.13,18.554,21.059,22.104
20.138,24.089,19.7,21.864
20.154,23.304,22.114,23.373
20.157,21.817,21.683,21.816
20.158,18.869,24.52,23.882
20.159,24.242,23.734,21.892
20.163,20.583,23.512,20.813
20.173,18.757,23.044,22.129
20.182,18.893,23.408,19.776
20.193,19.551,23.298,23.776
20.2,18.416,19.561,23.307
20.232,23.049,21.301,21.463
20.246,19.918,22.752,19.87
20.247,21.761,23.58,21.87
20.265,22.902,21.292,21.846
20.265,20.637,23.451,22.342
20.268,22.659,22.521,20.422
20.313,20.83,22.236,23.078
20.316,23.923,22.65,21.965
20.321,22.309,23.73,21.34
20.323,21.83,24.254,20.856
20.342,24.256,20.798,20.818
20.356,21.703,20.736,21.429
20.357,19.44,22.695,21.421
20.365,22.956,21.297,21.064
20.368,22.916,22.898,22.845
20.375,18.649,23.896,20.496
20.381,21.758,22.98,19.588
20.398,23.447,22.06,22.378
20.401,24.116,23.058,21.669
20.403,24.456,24.473,19.072
20.411,21.991,22.417,22.788
20.426,23.014,22.244,21.792
20.456,23.33,21.957,22.002
20.458,18.32,24.293,19.917
20.458,23.118,21.485,21.897
20.468,22.979,22.47,23.775
20.493,24.264,22.584,21.948
20.495,20.25,21.896,20.909
20.509,22.457,20.848,20.709
20.512,20.85,22.892,19.672
20.517,24.06,23.889,22.735
20.519,21.256,22.122,22.046
20.531,21.929,22.193,22.208
20.543,20.555,22.23,19.642
20.547,22.039,20.847,22.422
20.569,21.269,23.393,22.274
20.589,22.089,22.344,22.205
20.598,22.612,21.668,22.519
20.599,21.634,22.519,21.916
20.607,18.403,23.391,22.497
20.619,20.049,22.297,21.846
20.624,21.526,22.668,23.456
20.626,20.743,22.027,21.102
20.627,21.546,22.214,20.808
20.627,21.969,22.728,20.597
20.634,21.864,23.03,24.018
20.64,21.879,23.576,21.936
20.64,19.717,22.652,19.981
20.642,21.399,23.121,24.097
20.647,23.653,20.727,21.32
20.648,21.513,22.229,20.288
20.654,20.532,23.47,22.041
20.655,21.327,22.118,22.852
20.663,22.566,20.903,24.143
20.665,23.299,22.837,21.889
20.688,22.047,22.489,21.695
20.707,22.488,23.391,23.716
20.719,19.793,24.153,21.257
20.72,22.3,22.886,21.594
20.735,22.146,22.897,21.834
20.744,19.276,20.396,21.147
20.746,22.187,22.171,22.999
20.747,19.192,20.821,22.186
20.75,22.314,21.727,23.203
20.756,22.43,22.486,24.091
20.77,21.722,21.809,20.704
20.771,23.072,24.289,22.863
20.807,23.414,21.639,22.555
20.808,22.737,24.323,22.957
20.809,19.614,23.932,19.096
20.809,22.581,24.194,21.821
20.815,21.686,23.4,20.092
20.816,23.256,21.705,20.953
20.818,23.225,24.551,22.906
20.819,21.826,22.735,20.875
20.846,20.556,21.522,19.028
20.854,21.564,20.179,23.987
20.856,21.508,24.56,22.346
20.866,21.928,22.22,21.328
20.879,24.461,24.047,24.219
20.899,21.404,23.49,19.653
20.901,22.664,22.91,22.182
20.902,21.312,24.691,21.922
20.906,19.339,23.404,21.812
20.914,22.298,21.274,20.923
20.919,24.109,18.418,21.824
20.923,19.145,23.737,21.48
20.935,23.321,24.342,23.142
20.943,21.029,23.321,23.386
20.945,23.236,22.279,20.402
20.958,22.52,22.942,19.994
20.964,23.006,22.346,18.935
20.97,22.33,21.562,16.955
20.971,21.503,22.928,22.307
20.977,19.177,22.871,20.768
20.997,23.417,22.953,19.306
20.997,20.556,22.386,22.761
20.999,21.203,22.565,22.503
21.004,22.421,21.326,22.259
21.019,22.438,22.121,18.838
21.025,22.882,22.597,23.203
21.033,19.618,21.786,22.575
21.042,22.418,21.719,21.055
21.067,22.105,21.958,22.926
21.076,23.717,21.845,22.736
21.085,20.416,23.067,21.567
21.095,23.213,21.318,20.482
21.103,22.327,23.982,22.882
21.111,22.751,23.137,22.924
21.116,20.394,24.042,20.708
21.118,21.197,22.221,21.826
21.124,19.884,20.139,22.786
21.132,22.283,22.3,21.695
21.142,20.353,22.891,22.093
21.149,23.471,23.839,22.239
21.151,22.178,22.026,19.872
21.159,21.952,21.725,21.508
21.171,22.498,21.57,21.228
21.173,23.051,21.925,23.038
21.178,22.062,23.615,21.168
21.179,20.121,21.61,21.209
21.183,22.954,23.14,21.704
21.193,22.845,22.348,19.154
21.194,21.82,22.817,20.888
21.194,21.494,23.378,22.426
21.202,19.908,22.428,22.285
21.202,22.941,21.053,19.856
21.203,20.07,21.163,21.164
21.205,22.141,22.94,21.145
21.215,20.191,20.25,23.213
21.231,19.091,21.106,19.244
21.239,21.41,24.025,22.616
21.243,19.99,21.978,20.902
21.245,19.89,21.765,22.366
21.253,20.528,23.239,22.916
21.254,23.972,21.009,19.899
21.256,21.583,23.788,21.413
21.259,22.555,22.29,22.828
21.266,20.904,21.597,23.311
21.269,24.183,24.145,23.793
21.274,22.203,23.969,22.174
21.275,22.394,22.755,21.757
21.282,21.684,21.206,22.311
21.285,22.231,23.32,23.721
21.286,21.04,22.585,23.854
21.29,22.064,20.525,22.79
21.291,22.466,22.334,22.873
21.291,18.272,22.777,22.159
21.294,21.792,22.124,22.974
21.299,21.427,23.077,23.418
21.299,22.185,22.897,22.139
21.302,23.527,22.166,21.351
21.304,22.444,23.175,24.422
21.304,22.365,21.602,20.774
21.305,20.641,22.433,21.484
21.312,22.219,23.868,21.772
21.319,21.593,22.317,20.96
21.32,21.5,20.019,21.379
21.326,21.846,20.683,21.179
21.334,20.736,22.883,22.198
21.34,22.209,21.578,20.138
21.351,21.965,22.44,21.333
21.352,22.014,21.992,20.923
21.357,21.737,22.786,21.885
21.359,23.335,21.978,21.657
21.364,22.71,20.841,22.152
21.375,24.01,21.302,20.785
21.377,22.271,19.402,24.354
21.397,22.447,21.738,21.729
21.403,20.506,23.706,22.657
21.412,22.854,22.2,21.87
21.415,22.745,21.859,21.204
21.419,22.428,23.531,22.277
21.42,21.983,21.112,21.019
21.421,19.876,23.278,22.768
21.428,23.649,18.384,22.335
21.431,23.409,22.365,23.146
21.441,21.15,22.349,21.411
21.451,21.999,24.257,20.196
21.467,20.813,23.646,22.029
21.476,23.095,21.793,23.975
21.478,22.008,22.218,20.202
21.478,22.792,22.602,21.742
21.483,21,22.597,21.534
21.485,21.863,20.395,22.575
21.486,21.02,20.534,21.144
21.488,21.991,23.277,18.652
21.491,22.504,22.595,21.062
21.495,23.252,21.616,20.537
21.506,21.459,24.067,19.338
21.507,19.778,24.833,20.575
21.509,21.734,22.089,21.894
21.511,22.326,21.898,21.843
21.523,21.219,21.318,19.365
21.526,21.17,22.936,19.014
21.534,20.002,21.702,21.736
21.538,22.501,23.085,22.062
21.54,23.874,18.51,21.616
21.547,22.117,21.366,22.779
21.549,22.84,22.048,23.547
21.551,22.912,20.565,21.993
21.553,20.275,21.957,21.596
21.556,22.592,22.843,20.763
21.567,23.459,22.109,22.472
21.568,21.487,20.281,22.75
21.569,22.238,22.094,22.099
21.571,21.864,21.876,20.95
21.58,21.849,22.239,21.303
21.582,22.315,20.728,20.583
21.585,24.111,22.409,22.257
21.586,19.078,23.739,22.038
21.588,22.365,20.222,19.995
21.595,20.279,22.096,21.124
21.596,23.242,24.327,18.949
21.596,23.02,23.571,22.305
21.597,23.522,23.105,18.625
21.598,20.034,23.832,23.618
21.599,21.906,22.973,21.476
21.618,22.133,19.408,18.541
21.622,24.13,22.888,23.781
21.623,23.963,22.69,23.461
21.634,22.076,22.674,21.573
21.634,21.962,22.643,20.288
21.635,22.37,22.619,19.148
21.636,19.393,24.141,22.084
21.639,21.35,24.422,22.754
21.639,20.955,23.076,21.476
21.64,23.846,22.718,22.002
21.646,22.49,21.816,18.783
21.648,21.772,22.354,23.379
21.659,18.666,20.655,21.968
21.661,22.154,21.794,22.7
21.666,21.309,23.997,22.007
21.666,21.257,22.349,21.503
21.668,22.926,21.102,22.207
21.673,22.878,23.62,23.628
21.678,21.095,23.368,21.049
21.684,22.123,23.026,21.089
21.685,23.398,21.279,22.111
21.686,22.289,22.899,22.344
21.686,21.825,23.046,23.759
21.694,21.33,23.316,22.58
21.699,23.225,21.847,21.143
21.701,23.582,22.61,22.869
21.705,22.488,19.593,22.996
21.722,21.006,21.567,22.478
21.722,21.761,21.391,22.079
21.723,22.831,21.99,20.57
21.729,22.05,22.016,20.925
21.735,22.444,23.475,22.102
21.739,20.955,21.74,20.183
21.746,22.529,22.406,22.318
21.755,22.974,24.628,22.707
21.757,23.08,23.412,21.845
21.762,20.761,23.189,23.082
21.762,23.003,22.045,22.966
21.769,20.031,22.964,21.978
21.774,21.481,23.946,21.864
21.774,22.049,22.235,20.05
21.787,21.37,22.503,22.122
21.79,21.45,22.208,23.623
21.791,21.292,23.067,22.883
21.806,22.593,23.735,22.494
21.807,21.683,22.982,19.404
21.807,19.754,23.467,21.835
21.808,21.86,23.506,20.347
21.814,22.316,21.617,22.462
21.818,19.578,22.53,24.297
21.827,23.893,22.467,21.003
21.827,20.111,24.309,21.871
21.827,19.529,20.291,21.127
21.831,22.373,23.854,19.225
21.835,21.845,22.069,22.923
21.84,22.407,22.168,23.956
21.841,22.337,21.72,19.408
21.842,20.813,23.746,22.423
21.843,22.172,21.374,21.313
21.843,21.194,22.347,22.68
21.844,22.284,23.665,23.599
21.846,23.265,21.633,22.68
21.85,22.064,22.387,22.541
21.851,21.374,22.755,23.884
21.854,22.869,23.04,22.313
21.854,22.374,23.548,19.947
21.861,21.114,23.709,21.759
21.863,20.213,22.74,20.96
21.864,22.772,24.121,21.631
21.866,22.933,23.083,21.458
21.866,21.067,23.728,20.182
21.868,21.44,22.125,22.532
21.871,23.664,22.352,22.429
21.873,19.668,22.176,20.85
21.881,23.285,20.058,22.783
21.884,21.022,24.286,20.774
21.887,22.082,22.663,21.329
21.89,22.797,22.383,19.299
21.895,22.613,24.075,23.31
21.911,21.726,22.013,21.791
21.911,23.323,19.126,21.49
21.912,22.411,23.653,22.024
21.922,22.14,21.282,20.504
21.923,19.294,22.193,21.939
21.923,21.668,20.984,21.312
21.924,23.334,22.455,22.552
21.93,23.828,23.496,20.98
21.931,20.136,22.269,22.768
21.944,23.005,22.547,21.06
21.944,23.703,20.203,21.981
21.946,20.553,21.034,22.001
21.946,22.537,24.299,22.375
21.948,20.982,22.528,19.134
21.95,23.474,24.462,22.002
21.953,21.912,22.706,22.486
21.957,22.097,21.41,22.409
21.957,22.577,21.859,21.348
21.961,22.949,22.863,20.29
21.966,22.235,23.499,20.694
21.968,22.735,22.331,22.18
21.971,23.151,20.364,22.576
21.978,20.035,20.349,20.175
21.98,19.643,22.82,21.962
21.985,22.403,22.54,21.383
21.986,21.56,20.862,21.808
21.991,21.69,22.723,22.658
22.002,22.348,22.037,21.109
22.002,21.803,22.129,20.303
22.002,19.166,23.168,22.917
22.006,22.751,22.043,22.758
22.012,21.96,23.36,21.887
22.014,21.281,23.261,20.958
22.02,22.019,23.649,21.166
22.021,23.145,22.473,20.989
22.022,19.02,21.779,20.622
22.024,23.308,19.057,21.086
22.025,19.665,24.32,22.873
22.025,22.161,23.049,22.319
22.027,21.81,20.408,20.222
22.029,21.36,22.829,21.619
22.029,21.991,23.55,19.837
22.03,21.603,21.456,21.023
22.041,21.189,21.342,22.911
22.061,21.462,23.613,23.439
22.067,21.253,24.325,20.156
22.067,20.555,20.336,20.386
22.068,22.387,21.896,20.087
22.069,21.084,23.775,21.948
22.071,21.226,23.907,21.803
22.075,20.529,23.303,21.476
22.075,22.837,23.496,21.964
22.075,21.118,22.318,22.164
22.082,22.976,21.74,22.694
22.085,23.321,21.008,20.228
22.087,22.428,23.372,22.543
22.092,24.427,22.15,21.841
22.093,23.643,22.52,22.769
22.094,22.446,21.415,21.458
22.099,23.091,23.228,21.341
22.102,22.643,23.427,23.016
22.103,20.336,22.215,23.194
22.103,21.902,21.809,21.473
22.106,19.988,23.528,22.969
22.107,21.683,22.906,23.662
22.117,21.219,23.594,23.501
22.123,21.977,24.363,23.295
22.124,22.163,22.812,21.49
22.126,23.115,21.554,22.236
22.129,23.743,23.131,17.947
22.132,22.184,22.707,21.545
22.133,22.523,19.466,21.569
22.138,20.958,22.109,21.462
22.148,23.1,24.043,23.167
22.15,22.415,19.741,21.325
22.152,21.704,22.246,21.037
22.153,22.062,21.458,21.33
22.16,23.313,21.655,21.933
22.161,20.013,21.329,22.428
22.169,21.991,22.169,21.565
22.172,20.699,22.62,22.615
22.174,18.605,23.085,21.837
22.175,21.957,24.165,20.917
22.179,22.342,24.591,20.286
22.186,21.458,23.174,22.045
22.187,22.362,21.632,22.509
22.188,22.56,21.297,20.601
22.193,22.252,23.118,21.717
22.196,23.879,20.85,21.245
22.198,23.647,22.202,20.185
22.199,22.79,23.283,22.438
22.199,23.784,22.524,20.597
22.208,20.865,21.618,24.207
22.217,21.731,21.709,21.848
22.217,22.091,22.058,23.064
22.219,21.318,21.744,21.675
22.22,22.149,24.537,20.633
22.22,23.539,22.467,23.229
22.222,23.278,19.035,22.353
22.224,17.475,22.851,19.261
22.228,23.19,23.078,21.117
22.228,20.904,21.049,19.839
22.235,21.613,22.951,21.28
22.236,23.01,23.525,19.325
22.237,23.937,23.152,24.096
22.237,21.236,22.874,22.552
22.246,22.511,22.273,22.933
22.248,22.54,21.349,22.239
22.248,21.733,22.622,21.231
22.249,22.952,22.362,19.384
22.251,22.222,23.387,23.243
22.254,22.323,20.16,21.058
22.255,21.467,21.632,19.908
22.266,21.081,20.896,22.504
22.268,22.092,21.007,20.487
22.271,22.82,23.892,21.371
22.273,24.337,21.69,22.089
22.276,22.834,21.722,21.462
22.28,22.282,23.825,21.29
22.281,22.989,22.173,22.405
22.281,23.77,21.205,22.978
22.282,22.446,22.763,23.505
22.294,23.779,21.519,23.7
22.295,22.794,22.081,20.195
22.295,22.511,23.158,23.178
22.298,21.681,22.456,20.92
22.303,22.83,21.31,22.499
22.31,23.355,22.097,21.262
22.31,22.763,21.685,23.34
22.316,20.911,23.626,21.989
22.316,21.276,21.003,23.127
22.319,20.945,21.809,20.102
22.327,22.298,24.262,19.668
22.337,23.268,23.223,21.309
22.343,22.339,22.907,21.937
22.343,20.071,21.964,24.037
22.344,22.591,21.945,22.049
22.344,21.74,24.332,20.095
22.347,20.947,22.152,19.836
22.349,21.969,20.742,23.105
22.351,21.381,23.555,20.933
22.354,21.681,19.494,21.638
22.36,22.224,24.249,21.844
22.362,20.59,22.12,21.075
22.363,23.162,18.64,20.686
22.364,22.325,21.484,21.99
22.366,19.505,20.334,22.336
22.366,20.706,22.448,22.393
22.368,21.149,23.242,20.122
22.371,23.704,22.549,20.992
22.371,22.297,22.963,22.251
22.371,21.453,21.08,21.493
22.38,23.081,23.231,22.62
22.383,21.885,22.941,22.703
22.384,23.762,21.807,20.845
22.387,21.861,22.826,23.552
22.388,24.384,24.118,22.402
22.389,21.596,20.248,21.959
22.393,22.623,21.513,20.91
22.395,21.21,22.199,21.035
22.396,23.181,22.09,20.759
22.398,21.676,21.81,21.894
22.399,21.75,22.532,24.33
22.403,19.748,23.855,20.982
22.406,21.711,22.323,20.253
22.409,22.799,21.898,21.363
22.409,22.868,21.952,21.406
22.414,23.675,23.183,23.223
22.416,20.016,22.321,19.633
22.417,23.045,23.101,20.563
22.417,21.722,21.957,23.01
22.421,22.421,23.652,20.552
22.421,21.831,22.19,22.029
22.426,21.408,21.374,23.441
22.429,22.083,22.094,23.774
22.43,21.31,23.702,21.055
22.433,21.238,23.054,22.518
22.437,19.887,22.122,22.725
22.437,22.07,17.905,21.969
22.439,22.543,23.601,22.882
22.446,20.157,21.055,22.501
22.451,20.58,22.999,22.329
22.453,21.371,24.088,21.512
22.461,22.942,21.33,23.17
22.462,22.484,22.062,24.077
22.464,21.43,20.789,21.748
22.467,23.758,23.077,23.265
22.47,22.14,23.152,21.971
22.47,21.426,22.622,22.453
22.472,20.745,18.429,22.352
22.475,23.399,20.859,21.822
22.478,22.72,24.348,21.343
22.481,23.309,22.296,22.923
22.482,22.516,24.061,20.315
22.484,22.613,22.75,22.851
22.492,22.16,24.126,20.363
22.493,21.397,21.953,22.558
22.498,23.002,20.393,21.026
22.499,20.97,19.341,21.263
22.5,22.18,23.676,21.979
22.507,21.483,22.948,20.214
22.51,22.502,22.002,22.981
22.515,22.488,23.446,22.095
22.527,22.707,22.139,21.888
22.53,22.191,22.128,22.645
22.53,21.703,22.81,21.044
22.531,21.851,24.877,22.704
22.533,22.148,22.161,22.211
22.534,23.322,23.139,21.816
22.534,22.343,22.429,23.019
22.537,19.305,22.397,22.041
22.542,20.506,22.412,21.716
22.543,22.308,22.79,21.329
22.548,21.466,23.891,19.451
22.554,20.563,20.246,22.092
22.56,22.314,23.172,20.02
22.561,23.241,22.646,20.715
22.562,19.842,21.117,21.538
22.565,20.287,23.725,22.155
22.565,23.204,21.422,22.303
22.567,22.215,22.54,21.392
22.57,23.73,22.66,22.513
22.573,20.837,24.327,21.723
22.578,20.386,20.411,21.987
22.579,22.203,21.934,21.359
22.58,22.398,21.327,23.73
22.58,22.589,20.898,21.68
22.588,19.699,19.105,22.277
22.589,21.47,22.613,22.97
22.589,22.125,22.105,23.165
22.591,22.556,22.887,21.645
22.593,21.92,21.458,20.03
22.593,23.552,21.949,23.716
22.597,23.904,21.931,20.908
22.599,20.1,19.565,21.756
22.6,23.21,24.513,23.017
22.601,21.807,21.903,19.871
22.605,18.934,24.043,24.446
22.605,23.216,22.552,24.167
22.606,21.927,22.899,22.909
22.609,21.806,22.213,21.334
22.612,22.436,22.028,20.926
22.615,21.295,20.48,21.645
22.617,20.831,22.38,23.497
22.62,22.146,22.541,22.531
22.626,20.242,22.378,22.188
22.626,22.229,20.004,21.739
22.628,22.437,23.698,22.294
22.632,21.577,22.001,20.69
22.633,22.635,21.744,21.816
22.64,23.198,22.894,22.029
22.642,19.954,21.144,22.333
22.644,19.935,22.327,19.867
22.644,22.517,22.909,21.711
22.645,21.122,22.292,22.206
22.648,23.197,19.122,21.684
22.649,21.556,21.942,20.957
22.65,21.569,22.513,21.388
22.65,21.603,22.413,22.08
22.658,24.364,22.069,22.301
22.658,23.04,22.566,20.807
22.662,22.181,22.697,22.08
22.665,21.611,22.294,22.207
22.665,22.422,22.33,21.939
22.673,20.623,19.214,21.849
22.675,22.376,20.751,19.975
22.675,22.267,22.247,20.472
22.675,19.841,21.6,21.794
22.687,20.909,23.147,23.11
22.688,22.127,20.037,21.429
22.689,22.603,21.619,22.244
22.689,23.826,21.802,22.703
22.689,23.031,20.3,22.907
22.694,23.234,22.399,21.197
22.698,19.883,22.998,21.435
22.699,22.939,23.211,22.137
22.701,22.468,22.051,21.811
22.703,21.522,22.898,23.339
22.704,20.575,22.102,23.985
22.704,22.968,22.355,20.054
22.711,22.367,19.125,21.761
22.711,22.54,22.231,19.584
22.712,21.945,22.483,23.503
22.714,24.114,22.567,21.304
22.714,22.149,23.014,21.246
22.72,22.452,23.686,22.975
22.721,22.521,22.108,21.675
22.722,22.394,22.746,19.496
22.729,21.349,22.69,21.247
22.73,24.017,22.992,22.225
22.732,22.541,22.479,23.844
22.734,20.983,22.155,21.47
22.735,22.134,22.318,20.998
22.736,21.32,23.765,21.453
22.743,20.919,22.579,21.766
22.744,20.567,22.906,22.309
22.746,22.607,22.017,19.909
22.75,21.221,21.824,23.382
22.75,20.496,22.498,21.488
22.753,20.256,22.755,21.936
22.761,22.509,20.834,19.796
22.767,20.988,22.174,22.646
22.769,22.945,21.828,22.642
22.769,21.95,21.897,21.862
22.784,23.56,23.919,21.205
22.787,23.839,21.79,21.48
22.793,23.685,24.183,21.518
22.805,20.403,22.487,19.78
22.805,23.292,22.994,21.717
22.805,22.939,23.168,19.974
22.81,23.051,19.757,22.621
22.811,20.602,22.31,23.466
22.814,21.365,22.705,22.989
22.816,21.632,22.893,22.448
22.817,22.376,22.968,20.97
22.823,23.638,21.29,20.776
22.824,23.539,22.09,21.934
22.827,19.958,20.18,20.614
22.829,22.168,22.453,22.659
22.83,23.804,21.358,23.66
22.832,20.965,22.551,21.815
22.835,24.113,22.16,23.142
22.838,20.762,23.496,23.659
22.838,23.766,21.084,21.828
22.84,23.209,21.589,22.302
22.841,22.316,21.142,20.544
22.842,23.13,22.442,22.143
22.846,22.942,21.364,21.686
22.848,22.189,23.493,24.121
22.848,23.681,23.898,19.327
22.848,23.082,22.377,20.235
22.856,21.454,22.029,22.24
22.857,23.14,21.861,22.11
22.859,21.21,22.526,20.326
22.859,21.701,20.526,21.686
22.859,21.897,23.062,21.392
22.866,23.305,21.293,20.401
22.87,23.018,22.971,20.699
22.875,20.958,21.287,16.945
22.885,22.78,21.756,22.214
22.888,22.837,22.939,21.412
22.89,20.243,22.367,22.151
22.893,22.397,23.007,23.098
22.899,22.27,24.142,22.88
22.904,20.97,23.12,23.226
22.911,20.583,21.543,22.793
22.913,21.679,23.524,22.112
22.917,24.183,22.16,21.822
22.921,22.087,20.853,19.847
22.922,21.402,21.834,21.633
22.928,22.192,22.285,23.328
22.929,20.99,19.562,21.985
22.93,19.793,24.194,20.999
22.934,22.27,22.327,22.158
22.941,20.949,21.945,22.132
22.942,21.266,22.256,21.807
22.942,21.695,23.006,18.936
22.954,19.334,20.69,21.442
22.957,21.659,22.376,21.281
22.957,19.035,22.782,22.61
22.965,20.297,21.858,21.278
22.967,22.305,21.638,23.412
22.971,22.746,20.683,20.891
22.974,23.193,21.889,21.315
22.975,21.765,23.973,21.539
22.979,20.344,22.558,20.262
22.984,21.597,20.735,21.412
22.992,22.038,22.428,20.118
22.994,22.818,23.05,23.13
22.995,21.608,20.3,19.15
22.996,24.123,23.063,22.531
23.002,21.199,21.657,24.16
23.009,23.264,20.66,23.571
23.015,22.2,22.881,22.649
23.015,22.948,19.653,21.179
23.019,23.537,21.723,21.531
23.023,21.038,21.069,19.937
23.024,21.446,20.549,22.151
23.029,20.855,23.124,19.729
23.03,23.19,19.427,21.553
23.031,21.798,21.745,21.264
23.034,22.234,22.412,21.083
23.037,24.251,20.266,22.166
23.042,22.374,22.046,18.928
23.043,23.883,19.687,22.564
23.044,23.368,22.341,23.358
23.045,23.404,22.134,22.085
23.045,21.922,23.517,21.429
23.046,24.024,24.325,20.419
23.068,20.443,23.301,19.544
23.069,22.464,22.103,20.979
23.069,22.173,22.908,18.453
23.07,23.305,21.591,22.392
23.074,21.572,22.706,21.372
23.079,21.593,24.17,21.687
23.082,20.892,20.429,21.787
23.082,22.286,20.718,21.714
23.085,20.804,21.042,21.897
23.086,21.161,21.488,22.639
23.088,21.3,22.7,22.168
23.091,23.416,23.721,20.944
23.092,22.793,21.475,19.881
23.099,23.608,22.85,22.648
23.102,20.211,21.143,20.752
23.104,23.932,23.499,21.503
23.105,20.507,23.651,21.723
23.106,19.826,23.227,22.535
23.117,21.572,19.364,21.677
23.12,21.676,22.567,23.429
23.143,22.45,20.837,22.489
23.147,21.262,24.212,21.482
23.148,21.556,20.927,21.547
23.149,19.383,23.261,21.906
23.149,21.59,21.613,20.844
23.152,21.121,22.265,22.248
23.153,21.84,20.699,19.843
23.158,22.119,24.372,21.566
23.162,21.914,23.316,23.126
23.166,23.337,22.456,22.074
23.168,22.419,22.176,21.266
23.176,21.161,22.42,21.214
23.182,21.234,22.814,21.708
23.191,23.148,20.918,22.46
23.196,22.464,23.806,21.842
23.196,20.759,21.775,21.733
23.201,20.34,22.374,22.289
23.203,22.084,20.361,19.369
23.203,21.848,24.232,20.688
23.219,23.056,23.569,23.257
23.221,22.705,23.668,23.391
23.222,23.065,23.566,20.523
23.233,22.037,21.816,23.718
23.233,22.07,23.706,20.429
23.234,22.601,21.093,21.007
23.234,21.728,23.087,18.916
23.234,18.49,22.374,22.459
23.244,22.049,22.266,23.617
23.269,23.356,21.342,22.289
23.27,22.769,22.894,21.476
23.272,22.049,22.293,20.472
23.273,22.594,22.684,20.612
23.273,21.399,23.088,22.703
23.278,20.399,22.547,20.5
23.279,23.829,21.649,18.69
23.281,22.446,23.239,22.642
23.284,20.969,24.067,20.714
23.293,22.975,23.138,22.328
23.294,21.69,22.7,21.404
23.301,20.293,23.471,22.366
23.301,21.817,22.927,22.684
23.308,21.491,22.014,20.829
23.309,22.771,21.125,19.354
23.314,21.87,20.999,23.581
23.329,22.653,22.044,21.388
23.329,21.517,21.755,20.137
23.329,22.743,21.031,20.453
23.332,22.31,22.478,21.462
23.344,23.025,24.076,21.992
23.35,22.158,22.728,21.122
23.365,21.805,22.718,21.738
23.366,23.1,21.025,23.036
23.367,22.922,21.777,21.255
23.37,21.587,23.234,20.566
23.371,22.271,22.298,21.988
23.372,22.225,23.854,21.802
23.374,20.776,23.203,23.465
23.374,20.86,20.528,23.03
23.375,17.374,22.617,21.516
23.379,23.624,22.281,20.097
23.38,22.909,22.45,22.911
23.383,22.164,24.216,21.895
23.385,21.217,22.456,22.387
23.391,22.852,22.889,21.917
23.392,23.08,22.552,21.443
23.397,23.122,22.416,20.157
23.398,19.744,20.866,20.672
23.4,21.019,24.255,19.423
23.407,19.716,21.383,21.968
23.411,22.676,21.944,20.465
23.412,23.747,22.009,21.163
23.418,23.484,21.46,22.166
23.422,23.389,22.626,20.718
23.427,22.965,21.568,20.995
23.431,20.389,23.075,19.931
23.437,20.578,22.492,21.833
23.439,22.489,22.355,20.745
23.44,21.316,22.608,23.387
23.447,22.891,23.267,21.078
23.448,22.828,23.48,21.193
23.459,22.24,21.713,22.791
23.459,18.193,22.655,19.682
23.461,22.067,22.678,23.698
23.462,21.023,22.474,21.77
23.465,22.25,23.303,21.833
23.469,22.305,22.396,20.116
23.473,21.108,23.626,21.558
23.473,21.388,22.951,22.253
23.478,24.133,23.042,22.074
23.481,22.712,22.223,22.651
23.481,24.243,22.735,20.783
23.487,20.998,22.376,21.901
23.491,22.244,21.919,21.356
23.499,21.106,22.306,16.913
23.5,21.349,22.861,21.373
23.51,22.233,23.82,19.841
23.515,22.703,23.734,22.992
23.517,23.293,21,20.82
23.52,23.575,24.061,21.424
23.521,22.535,22.521,22.257
23.523,23.405,22.936,21.898
23.524,22.771,22.646,23.691
23.527,22.636,22.768,20.718
23.528,23.186,22.216,21.616
23.529,21.814,22.961,22.238
23.532,23.519,22.818,22.635
23.532,20.171,22.279,21.812
23.549,22.229,22.546,21.537
23.555,24.085,22.729,21.85
23.565,21.796,23.535,22.944
23.569,23.477,21.899,19.831
23.57,22.955,22.901,20.67
23.57,24.244,18.801,22.554
23.571,19.797,20.895,22.38
23.573,22.507,22.754,23.457
23.579,21.933,24.006,21.344
23.581,21.526,22.789,20.741
23.582,21.531,22.928,22.359
23.583,21.402,23.089,22.797
23.585,21.577,20.897,21.519
23.591,22.86,22.264,22.495
23.592,20.608,22.599,22.495
23.593,21.915,21.072,22.152
23.594,23.213,17.963,23.208
23.613,22.606,23.595,22.546
23.613,23.011,23.946,23.036
23.616,23.554,23.857,20.299
23.623,23.754,22.552,19.443
23.625,22.265,22.457,23.536
23.627,23.074,22.786,21.47
23.629,22.29,23.071,22.312
23.641,21.44,23.462,21.72
23.646,20.69,22.446,21.707
23.664,22.924,24.042,22.366
23.666,23.463,22.545,22.048
23.667,19.935,21.351,22.336
23.674,21.965,24.296,21.041
23.677,23.528,21.27,22.957
23.685,22.282,23.066,20.666
23.689,22.899,21.13,18.681
23.7,21.771,23.966,22.645
23.707,21.124,22.86,21.794
23.713,21.771,21.36,23.764
23.713,22.684,23.197,21.47
23.733,21.883,22.442,23.663
23.744,23.364,22.721,22.905
23.752,22.044,22.096,24.094
23.753,21.109,21.624,20.808
23.761,21.999,23.118,23.399
23.775,23.889,22.452,22.713
23.777,23.291,22.671,21.525
23.778,22.473,23.293,21.698
23.78,24.137,23.437,22.353
23.784,22.149,23.182,21.366
23.792,19.911,20.589,21.434
23.797,21.52,22.964,21.754
23.799,21.368,22.722,22.802
23.8,21.909,21.262,21.352
23.801,21.801,20.835,23.389
23.817,20.754,22.514,18.922
23.822,20.584,22.235,17.975
23.838,22.8,18.3,17.586
23.842,20.424,22.689,20.617
23.845,23.669,20.621,23.354
23.853,22.443,22.581,21.578
23.857,21.09,21.195,22.787
23.864,22.52,21.575,23.348
23.866,21.868,23.315,21.719
23.869,21.434,22.236,22.467
23.879,22.51,22.671,22.521
23.883,21.92,22.969,20.593
23.903,21.324,22.617,19.989
23.906,21.03,20.665,23.751
23.909,18.905,22.448,21.334
23.913,21.573,23.778,20.848
23.919,23.32,22.499,23.906
23.931,22.205,20.918,22.978
23.932,22.094,22.05,23.571
23.936,21.471,21.951,21.49
23.941,23.07,23.205,20.959
23.947,23.172,20.078,21.768
23.954,24.194,21.195,20.749
23.958,23.103,24.42,23.244
23.965,21.87,21.646,22.171
23.989,19.338,22.769,22.087
24.003,21.981,22.045,22.068
24.005,22.186,21.067,22.342
24.005,23.146,23.324,22.89
24.028,23.35,22.322,22.867
24.038,23.027,23.486,20.723
24.045,22.738,19.955,23.265
24.053,22.963,21.597,22.66
24.068,20.346,20.897,21.16
24.124,21.297,24.107,22.407
24.126,21.955,21.174,21.454
24.127,22.083,21.112,22.493
24.132,20.832,22.984,21.453
24.138,22.693,23.137,22.894
24.155,20.188,22.78,20.863
24.158,20.07,21.862,20.574
24.163,21.873,23.762,21.98
24.176,20.736,21.657,20.079
24.215,21.877,21.927,22.773
24.251,19.029,22.054,22.766
24.252,19.524,23.014,19.694
24.267,20.992,23.164,22.511
24.271,18.603,22.916,21.212
24.287,21.975,23.484,23.027
24.319,23.208,22.029,22.662
24.331,22.748,20.835,22.732
24.391,20.417,22.984,21.506
24.424,22.507,20.953,21.64
24.424,22.475,23.881,21.857
24.436,20.792,20.723,22.061
24.459,22.148,22.514,22.064
24.579,20.677,21.982,22.544
24.597,22.87,23.732,23.174
